"ID";"Description";"GeneRatio";"BgRatio";"pvalue";"p.adjust";"qvalue";"geneID";"Count"
"GO:0006958";"GO:0006958";"complement activation, classical pathway";"70/186";"122/16097";6.23288412229456e-108;1.02032313081962e-104;9.03440151199959e-105;"IGHG1/IGKV5-2/IGHV1-18/IGKC/IGHV1-24/IGKV3D-11/IGHV4-59/IGHV4-34/IGKV3-15/IGLC3/IGKV4-1/IGHG3/IGLV2-14/IGHV5-51/IGLV3-25/IGKV1-5/IGLC2/IGHV3-23/IGHV3-21/IGLV3-19/IGLV6-57/IGLV1-47/IGHV3-49/IGLV2-23/IGHV3-11/IGLV1-40/IGHV3-33/IGHV3-66/IGLV1-51/IGHV3-20/C1QB/C1QC/IGKV3-20/IGHV4-61/IGKV1-17/IGLV2-11/IGHA1/IGKV1-12/IGHV4-28/IGHV3-43/IGHV3-7/IGHV3-48/IGHV3-30/IGLV3-21/IGLV1-44/CLU/IGHV3-64/IGHV3-15/IGKV2-30/IGLV3-27/IGHV3-74/IGHV2-5/IGKV1-16/IGHV6-1/IGHA2/IGHG4/IGHG2/IGKV3D-20/IGLV2-8/IGLV7-43/IGHV1-69/IGHV3-53/IGHV1-3/IGHV4-39/IGHV4-4/IGHV2-70/IGHV7-4-1/IGKV2-29/IGHV2-26/IGHV1-69D";70
"GO:0002455";"GO:0002455";"humoral immune response mediated by circulating immunoglobulin";"70/186";"137/16097";6.28229574299468e-103;5.14205906564114e-100;4.5530111779493e-100;"IGHG1/IGKV5-2/IGHV1-18/IGKC/IGHV1-24/IGKV3D-11/IGHV4-59/IGHV4-34/IGKV3-15/IGLC3/IGKV4-1/IGHG3/IGLV2-14/IGHV5-51/IGLV3-25/IGKV1-5/IGLC2/IGHV3-23/IGHV3-21/IGLV3-19/IGLV6-57/IGLV1-47/IGHV3-49/IGLV2-23/IGHV3-11/IGLV1-40/IGHV3-33/IGHV3-66/IGLV1-51/IGHV3-20/C1QB/C1QC/IGKV3-20/IGHV4-61/IGKV1-17/IGLV2-11/IGHA1/IGKV1-12/IGHV4-28/IGHV3-43/IGHV3-7/IGHV3-48/IGHV3-30/IGLV3-21/IGLV1-44/CLU/IGHV3-64/IGHV3-15/IGKV2-30/IGLV3-27/IGHV3-74/IGHV2-5/IGKV1-16/IGHV6-1/IGHA2/IGHG4/IGHG2/IGKV3D-20/IGLV2-8/IGLV7-43/IGHV1-69/IGHV3-53/IGHV1-3/IGHV4-39/IGHV4-4/IGHV2-70/IGHV7-4-1/IGKV2-29/IGHV2-26/IGHV1-69D";70
"GO:0006956";"GO:0006956";"complement activation";"70/186";"150/16097";3.32302836636845e-99;1.81326581191505e-96;1.60554738964539e-96;"IGHG1/IGKV5-2/IGHV1-18/IGKC/IGHV1-24/IGKV3D-11/IGHV4-59/IGHV4-34/IGKV3-15/IGLC3/IGKV4-1/IGHG3/IGLV2-14/IGHV5-51/IGLV3-25/IGKV1-5/IGLC2/IGHV3-23/IGHV3-21/IGLV3-19/IGLV6-57/IGLV1-47/IGHV3-49/IGLV2-23/IGHV3-11/IGLV1-40/IGHV3-33/IGHV3-66/IGLV1-51/IGHV3-20/C1QB/C1QC/IGKV3-20/IGHV4-61/IGKV1-17/IGLV2-11/IGHA1/IGKV1-12/IGHV4-28/IGHV3-43/IGHV3-7/IGHV3-48/IGHV3-30/IGLV3-21/IGLV1-44/CLU/IGHV3-64/IGHV3-15/IGKV2-30/IGLV3-27/IGHV3-74/IGHV2-5/IGKV1-16/IGHV6-1/IGHA2/IGHG4/IGHG2/IGKV3D-20/IGLV2-8/IGLV7-43/IGHV1-69/IGHV3-53/IGHV1-3/IGHV4-39/IGHV4-4/IGHV2-70/IGHV7-4-1/IGKV2-29/IGHV2-26/IGHV1-69D";70
"GO:0016064";"GO:0016064";"immunoglobulin mediated immune response";"70/186";"203/16097";1.2416843418915e-87;5.08159316919098e-85;4.49947194417e-85;"IGHG1/IGKV5-2/IGHV1-18/IGKC/IGHV1-24/IGKV3D-11/IGHV4-59/IGHV4-34/IGKV3-15/IGLC3/IGKV4-1/IGHG3/IGLV2-14/IGHV5-51/IGLV3-25/IGKV1-5/IGLC2/IGHV3-23/IGHV3-21/IGLV3-19/IGLV6-57/IGLV1-47/IGHV3-49/IGLV2-23/IGHV3-11/IGLV1-40/IGHV3-33/IGHV3-66/IGLV1-51/IGHV3-20/C1QB/C1QC/IGKV3-20/IGHV4-61/IGKV1-17/IGLV2-11/IGHA1/IGKV1-12/IGHV4-28/IGHV3-43/IGHV3-7/IGHV3-48/IGHV3-30/IGLV3-21/IGLV1-44/CLU/IGHV3-64/IGHV3-15/IGKV2-30/IGLV3-27/IGHV3-74/IGHV2-5/IGKV1-16/IGHV6-1/IGHA2/IGHG4/IGHG2/IGKV3D-20/IGLV2-8/IGLV7-43/IGHV1-69/IGHV3-53/IGHV1-3/IGHV4-39/IGHV4-4/IGHV2-70/IGHV7-4-1/IGKV2-29/IGHV2-26/IGHV1-69D";70
"GO:0019724";"GO:0019724";"B cell mediated immunity";"70/186";"206/16097";4.25479353281457e-87;1.39301940264349e-84;1.23344225151277e-84;"IGHG1/IGKV5-2/IGHV1-18/IGKC/IGHV1-24/IGKV3D-11/IGHV4-59/IGHV4-34/IGKV3-15/IGLC3/IGKV4-1/IGHG3/IGLV2-14/IGHV5-51/IGLV3-25/IGKV1-5/IGLC2/IGHV3-23/IGHV3-21/IGLV3-19/IGLV6-57/IGLV1-47/IGHV3-49/IGLV2-23/IGHV3-11/IGLV1-40/IGHV3-33/IGHV3-66/IGLV1-51/IGHV3-20/C1QB/C1QC/IGKV3-20/IGHV4-61/IGKV1-17/IGLV2-11/IGHA1/IGKV1-12/IGHV4-28/IGHV3-43/IGHV3-7/IGHV3-48/IGHV3-30/IGLV3-21/IGLV1-44/CLU/IGHV3-64/IGHV3-15/IGKV2-30/IGLV3-27/IGHV3-74/IGHV2-5/IGKV1-16/IGHV6-1/IGHA2/IGHG4/IGHG2/IGKV3D-20/IGLV2-8/IGLV7-43/IGHV1-69/IGHV3-53/IGHV1-3/IGHV4-39/IGHV4-4/IGHV2-70/IGHV7-4-1/IGKV2-29/IGHV2-26/IGHV1-69D";70
"GO:0006959";"GO:0006959";"humoral immune response";"72/186";"291/16097";2.68909398934813e-78;7.33674476760481e-76;6.49628495321469e-76;"IGHG1/IGKV5-2/IGHV1-18/IGKC/IGHV1-24/IGKV3D-11/IGHV4-59/IGHV4-34/IGKV3-15/JCHAIN/IGLC3/IGKV4-1/IGHG3/IGLV2-14/IGHV5-51/IGLV3-25/IGKV1-5/IGLC2/IGHV3-23/IGHV3-21/IGLV3-19/IGLV6-57/IGLV1-47/IGHV3-49/IGLV2-23/IGHV3-11/IGLV1-40/IGHV3-33/IGHV3-66/IGLV1-51/IGHV3-20/C1QB/C1QC/IGKV3-20/IGHV4-61/IGKV1-17/IGLV2-11/IGHA1/IGKV1-12/IGHV4-28/IGHV3-43/IGHV3-7/IGHV3-48/IGHV3-30/IGLV3-21/IGLV1-44/CLU/IGHV3-64/IGHV3-15/IGKV2-30/IGLV3-27/IGHV3-74/IGHV2-5/IGKV1-16/IGHV6-1/IGHA2/IGHG4/IGHG2/PF4V1/IGKV3D-20/IGLV2-8/IGLV7-43/IGHV1-69/IGHV3-53/IGHV1-3/IGHV4-39/IGHV4-4/IGHV2-70/IGHV7-4-1/IGKV2-29/IGHV2-26/IGHV1-69D";72
"GO:0002449";"GO:0002449";"lymphocyte mediated immunity";"70/186";"333/16097";1.66128560740981e-70;3.88503505618551e-68;3.43998538556888e-68;"IGHG1/IGKV5-2/IGHV1-18/IGKC/IGHV1-24/IGKV3D-11/IGHV4-59/IGHV4-34/IGKV3-15/IGLC3/IGKV4-1/IGHG3/IGLV2-14/IGHV5-51/IGLV3-25/IGKV1-5/IGLC2/IGHV3-23/IGHV3-21/IGLV3-19/IGLV6-57/IGLV1-47/IGHV3-49/IGLV2-23/IGHV3-11/IGLV1-40/IGHV3-33/IGHV3-66/IGLV1-51/IGHV3-20/C1QB/C1QC/IGKV3-20/IGHV4-61/IGKV1-17/IGLV2-11/IGHA1/IGKV1-12/IGHV4-28/IGHV3-43/IGHV3-7/IGHV3-48/IGHV3-30/IGLV3-21/IGLV1-44/CLU/IGHV3-64/IGHV3-15/IGKV2-30/IGLV3-27/IGHV3-74/IGHV2-5/IGKV1-16/IGHV6-1/IGHA2/IGHG4/IGHG2/IGKV3D-20/IGLV2-8/IGLV7-43/IGHV1-69/IGHV3-53/IGHV1-3/IGHV4-39/IGHV4-4/IGHV2-70/IGHV7-4-1/IGKV2-29/IGHV2-26/IGHV1-69D";70
"GO:0030449";"GO:0030449";"regulation of complement activation";"49/186";"100/16097";7.84778457350112e-70;1.60585291835267e-67;1.4218946523304e-67;"IGHG1/IGKV5-2/IGKC/IGKV3D-11/IGHV4-59/IGHV4-34/IGKV3-15/IGLC3/IGKV4-1/IGHG3/IGLV2-14/IGLV3-25/IGKV1-5/IGLC2/IGHV3-23/IGLV3-19/IGLV6-57/IGLV1-47/IGLV2-23/IGHV3-11/IGLV1-40/IGHV3-33/IGLV1-51/C1QB/C1QC/IGKV3-20/IGKV1-17/IGLV2-11/IGKV1-12/IGHV3-7/IGHV3-48/IGHV3-30/IGLV3-21/IGLV1-44/CLU/IGKV2-30/IGLV3-27/IGHV2-5/IGKV1-16/IGHG4/IGHG2/IGKV3D-20/IGLV2-8/IGLV7-43/IGHV1-69/IGHV3-53/IGHV4-39/IGHV2-70/IGKV2-29";49
"GO:0002460";"GO:0002460";"adaptive immune response based on somatic recombination of immune receptors built from immunoglobulin superfamily domains";"70/186";"341/16097";1.0064779150921e-69;1.83067149667308e-67;1.62095916851675e-67;"IGHG1/IGKV5-2/IGHV1-18/IGKC/IGHV1-24/IGKV3D-11/IGHV4-59/IGHV4-34/IGKV3-15/IGLC3/IGKV4-1/IGHG3/IGLV2-14/IGHV5-51/IGLV3-25/IGKV1-5/IGLC2/IGHV3-23/IGHV3-21/IGLV3-19/IGLV6-57/IGLV1-47/IGHV3-49/IGLV2-23/IGHV3-11/IGLV1-40/IGHV3-33/IGHV3-66/IGLV1-51/IGHV3-20/C1QB/C1QC/IGKV3-20/IGHV4-61/IGKV1-17/IGLV2-11/IGHA1/IGKV1-12/IGHV4-28/IGHV3-43/IGHV3-7/IGHV3-48/IGHV3-30/IGLV3-21/IGLV1-44/CLU/IGHV3-64/IGHV3-15/IGKV2-30/IGLV3-27/IGHV3-74/IGHV2-5/IGKV1-16/IGHV6-1/IGHA2/IGHG4/IGHG2/IGKV3D-20/IGLV2-8/IGLV7-43/IGHV1-69/IGHV3-53/IGHV1-3/IGHV4-39/IGHV4-4/IGHV2-70/IGHV7-4-1/IGKV2-29/IGHV2-26/IGHV1-69D";70
"GO:0006909";"GO:0006909";"phagocytosis";"68/186";"354/16097";1.7820937826197e-65;2.91728752214845e-63;2.58309804070245e-63;"IGHG1/IGKV5-2/IGHV1-18/IGKC/IGHV1-24/IGKV3D-11/IGHV4-59/IGHV4-34/IGKV3-15/IGLC3/TXNDC5/IGKV4-1/IGHG3/IGLV2-14/IGHV5-51/IGLV3-25/IGKV1-5/IGLC2/IGHV3-23/IGHV3-21/IGLV3-19/IGLV6-57/IGLV1-47/IGHV3-49/IGLV2-23/IGHV3-11/IGLV1-40/IGHV3-33/IGHV3-66/IGLV1-51/IGHV3-20/IGKV3-20/IGHV4-61/IGKV1-17/IGLV2-11/IGHA1/IGKV1-12/IGHV4-28/IGHV3-43/IGHV3-7/IGHV3-48/IGHV3-30/IGLV3-21/IGLV1-44/IGHV3-64/IGHV3-15/IGKV2-30/IGLV3-27/IGHV3-74/IGHV2-5/IGKV1-16/IGHV6-1/IGHA2/IGHG4/IGHG2/IGKV3D-20/IGLV2-8/IGLV7-43/IGHV1-69/IGHV3-53/IGHV1-3/IGHV4-39/IGHV4-4/IGHV2-70/IGHV7-4-1/IGKV2-29/IGHV2-26/IGHV1-69D";68
"GO:0002920";"GO:0002920";"regulation of humoral immune response";"49/186";"120/16097";8.66740800207418e-65;1.28986789994504e-62;1.14210725539293e-62;"IGHG1/IGKV5-2/IGKC/IGKV3D-11/IGHV4-59/IGHV4-34/IGKV3-15/IGLC3/IGKV4-1/IGHG3/IGLV2-14/IGLV3-25/IGKV1-5/IGLC2/IGHV3-23/IGLV3-19/IGLV6-57/IGLV1-47/IGLV2-23/IGHV3-11/IGLV1-40/IGHV3-33/IGLV1-51/C1QB/C1QC/IGKV3-20/IGKV1-17/IGLV2-11/IGKV1-12/IGHV3-7/IGHV3-48/IGHV3-30/IGLV3-21/IGLV1-44/CLU/IGKV2-30/IGLV3-27/IGHV2-5/IGKV1-16/IGHG4/IGHG2/IGKV3D-20/IGLV2-8/IGLV7-43/IGHV1-69/IGHV3-53/IGHV4-39/IGHV2-70/IGKV2-29";49
"GO:0002429";"GO:0002429";"immune response-activating cell surface receptor signaling pathway";"69/186";"453/16097";3.39626190555994e-59;4.2766774918474e-57;3.78676327445833e-57;"IGHG1/IGKV5-2/IGHV1-18/IGKC/IGHV1-24/IGKV3D-11/IGHV4-59/IGHV4-34/IGKV3-15/IGLC3/IGKV4-1/IGHG3/IGLV2-14/IGHV5-51/IGLV3-25/IGKV1-5/IGLC2/IGHV3-23/IGHV3-21/IGLV3-19/IGLV6-57/IGLV1-47/IGHV3-49/IGLV2-23/IGHV3-11/IGLV1-40/IGHV3-33/IGHV3-66/IGLV1-51/IGHV3-20/IGKV3-20/IGHV4-61/IGKV1-17/IGLV2-11/IGHA1/IGKV1-12/IGHV4-28/IGHV3-43/IGHV3-7/IGHV3-48/IGHV3-30/IGLV3-21/IGLV1-44/IGHV3-64/IGHV3-15/IGKV2-30/IGLV3-27/IGHV3-74/IGHV2-5/IGKV1-16/IGHV6-1/IGHA2/IGHG4/IGHG2/IGKV3D-20/IGLV2-8/IGLV7-43/IGHV1-69/HLA-DQB2/IGHV3-53/IGHV1-3/IGHV4-39/IGHV4-4/IGHV2-70/IGHV7-4-1/IGKV2-29/HLA-DQA1/IGHV2-26/IGHV1-69D";69
"GO:0002757";"GO:0002757";"immune response-activating signal transduction";"69/186";"453/16097";3.39626190555994e-59;4.2766774918474e-57;3.78676327445833e-57;"IGHG1/IGKV5-2/IGHV1-18/IGKC/IGHV1-24/IGKV3D-11/IGHV4-59/IGHV4-34/IGKV3-15/IGLC3/IGKV4-1/IGHG3/IGLV2-14/IGHV5-51/IGLV3-25/IGKV1-5/IGLC2/IGHV3-23/IGHV3-21/IGLV3-19/IGLV6-57/IGLV1-47/IGHV3-49/IGLV2-23/IGHV3-11/IGLV1-40/IGHV3-33/IGHV3-66/IGLV1-51/IGHV3-20/IGKV3-20/IGHV4-61/IGKV1-17/IGLV2-11/IGHA1/IGKV1-12/IGHV4-28/IGHV3-43/IGHV3-7/IGHV3-48/IGHV3-30/IGLV3-21/IGLV1-44/IGHV3-64/IGHV3-15/IGKV2-30/IGLV3-27/IGHV3-74/IGHV2-5/IGKV1-16/IGHV6-1/IGHA2/IGHG4/IGHG2/IGKV3D-20/IGLV2-8/IGLV7-43/IGHV1-69/HLA-DQB2/IGHV3-53/IGHV1-3/IGHV4-39/IGHV4-4/IGHV2-70/IGHV7-4-1/IGKV2-29/HLA-DQA1/IGHV2-26/IGHV1-69D";69
"GO:0006910";"GO:0006910";"phagocytosis, recognition";"41/186";"82/16097";9.88348656380317e-59;1.15566196463899e-56;1.02327526303436e-56;"IGHG1/IGHV1-18/IGKC/IGHV1-24/IGHV4-59/IGHV4-34/IGLC3/IGHG3/IGHV5-51/IGLC2/IGHV3-23/IGHV3-21/IGHV3-49/IGHV3-11/IGHV3-33/IGHV3-66/IGHV3-20/IGHV4-61/IGHA1/IGHV4-28/IGHV3-43/IGHV3-7/IGHV3-48/IGHV3-30/IGHV3-64/IGHV3-15/IGHV3-74/IGHV2-5/IGHV6-1/IGHA2/IGHG4/IGHG2/IGHV1-69/IGHV3-53/IGHV1-3/IGHV4-39/IGHV4-4/IGHV2-70/IGHV7-4-1/IGHV2-26/IGHV1-69D";41
"GO:0002768";"GO:0002768";"immune response-regulating cell surface receptor signaling pathway";"69/186";"487/16097";5.81641126901769e-57;6.34764349825464e-55;5.62049004732447e-55;"IGHG1/IGKV5-2/IGHV1-18/IGKC/IGHV1-24/IGKV3D-11/IGHV4-59/IGHV4-34/IGKV3-15/IGLC3/IGKV4-1/IGHG3/IGLV2-14/IGHV5-51/IGLV3-25/IGKV1-5/IGLC2/IGHV3-23/IGHV3-21/IGLV3-19/IGLV6-57/IGLV1-47/IGHV3-49/IGLV2-23/IGHV3-11/IGLV1-40/IGHV3-33/IGHV3-66/IGLV1-51/IGHV3-20/IGKV3-20/IGHV4-61/IGKV1-17/IGLV2-11/IGHA1/IGKV1-12/IGHV4-28/IGHV3-43/IGHV3-7/IGHV3-48/IGHV3-30/IGLV3-21/IGLV1-44/IGHV3-64/IGHV3-15/IGKV2-30/IGLV3-27/IGHV3-74/IGHV2-5/IGKV1-16/IGHV6-1/IGHA2/IGHG4/IGHG2/IGKV3D-20/IGLV2-8/IGLV7-43/IGHV1-69/HLA-DQB2/IGHV3-53/IGHV1-3/IGHV4-39/IGHV4-4/IGHV2-70/IGHV7-4-1/IGKV2-29/HLA-DQA1/IGHV2-26/IGHV1-69D";69
"GO:0002433";"GO:0002433";"immune response-regulating cell surface receptor signaling pathway involved in phagocytosis";"46/186";"132/16097";7.51497545037546e-57;7.23647930133214e-55;6.40750538400434e-55;"IGHG1/IGKV5-2/IGKC/IGKV3D-11/IGHV4-59/IGHV4-34/IGKV3-15/IGLC3/IGKV4-1/IGHG3/IGLV2-14/IGLV3-25/IGKV1-5/IGLC2/IGHV3-23/IGLV3-19/IGLV6-57/IGLV1-47/IGLV2-23/IGHV3-11/IGLV1-40/IGHV3-33/IGLV1-51/IGKV3-20/IGKV1-17/IGLV2-11/IGKV1-12/IGHV3-7/IGHV3-48/IGHV3-30/IGLV3-21/IGLV1-44/IGKV2-30/IGLV3-27/IGHV2-5/IGKV1-16/IGHG4/IGHG2/IGKV3D-20/IGLV2-8/IGLV7-43/IGHV1-69/IGHV3-53/IGHV4-39/IGHV2-70/IGKV2-29";46
"GO:0038096";"GO:0038096";"Fc-gamma receptor signaling pathway involved in phagocytosis";"46/186";"132/16097";7.51497545037546e-57;7.23647930133214e-55;6.40750538400434e-55;"IGHG1/IGKV5-2/IGKC/IGKV3D-11/IGHV4-59/IGHV4-34/IGKV3-15/IGLC3/IGKV4-1/IGHG3/IGLV2-14/IGLV3-25/IGKV1-5/IGLC2/IGHV3-23/IGLV3-19/IGLV6-57/IGLV1-47/IGLV2-23/IGHV3-11/IGLV1-40/IGHV3-33/IGLV1-51/IGKV3-20/IGKV1-17/IGLV2-11/IGKV1-12/IGHV3-7/IGHV3-48/IGHV3-30/IGLV3-21/IGLV1-44/IGKV2-30/IGLV3-27/IGHV2-5/IGKV1-16/IGHG4/IGHG2/IGKV3D-20/IGLV2-8/IGLV7-43/IGHV1-69/IGHV3-53/IGHV4-39/IGHV2-70/IGKV2-29";46
"GO:0002764";"GO:0002764";"immune response-regulating signaling pathway";"69/186";"490/16097";8.97806074783771e-57;8.16504746900574e-55;7.22970154957458e-55;"IGHG1/IGKV5-2/IGHV1-18/IGKC/IGHV1-24/IGKV3D-11/IGHV4-59/IGHV4-34/IGKV3-15/IGLC3/IGKV4-1/IGHG3/IGLV2-14/IGHV5-51/IGLV3-25/IGKV1-5/IGLC2/IGHV3-23/IGHV3-21/IGLV3-19/IGLV6-57/IGLV1-47/IGHV3-49/IGLV2-23/IGHV3-11/IGLV1-40/IGHV3-33/IGHV3-66/IGLV1-51/IGHV3-20/IGKV3-20/IGHV4-61/IGKV1-17/IGLV2-11/IGHA1/IGKV1-12/IGHV4-28/IGHV3-43/IGHV3-7/IGHV3-48/IGHV3-30/IGLV3-21/IGLV1-44/IGHV3-64/IGHV3-15/IGKV2-30/IGLV3-27/IGHV3-74/IGHV2-5/IGKV1-16/IGHV6-1/IGHA2/IGHG4/IGHG2/IGKV3D-20/IGLV2-8/IGLV7-43/IGHV1-69/HLA-DQB2/IGHV3-53/IGHV1-3/IGHV4-39/IGHV4-4/IGHV2-70/IGHV7-4-1/IGKV2-29/HLA-DQA1/IGHV2-26/IGHV1-69D";69
"GO:0038094";"GO:0038094";"Fc-gamma receptor signaling pathway";"46/186";"133/16097";1.13898553188725e-56;9.81325955631281e-55;8.68910292193212e-55;"IGHG1/IGKV5-2/IGKC/IGKV3D-11/IGHV4-59/IGHV4-34/IGKV3-15/IGLC3/IGKV4-1/IGHG3/IGLV2-14/IGLV3-25/IGKV1-5/IGLC2/IGHV3-23/IGLV3-19/IGLV6-57/IGLV1-47/IGLV2-23/IGHV3-11/IGLV1-40/IGHV3-33/IGLV1-51/IGKV3-20/IGKV1-17/IGLV2-11/IGKV1-12/IGHV3-7/IGHV3-48/IGHV3-30/IGLV3-21/IGLV1-44/IGKV2-30/IGLV3-27/IGHV2-5/IGKV1-16/IGHG4/IGHG2/IGKV3D-20/IGLV2-8/IGLV7-43/IGHV1-69/IGHV3-53/IGHV4-39/IGHV2-70/IGKV2-29";46
"GO:0002431";"GO:0002431";"Fc receptor mediated stimulatory signaling pathway";"46/186";"138/16097";8.59882216546473e-56;7.03813594243288e-54;6.23188322202365e-54;"IGHG1/IGKV5-2/IGKC/IGKV3D-11/IGHV4-59/IGHV4-34/IGKV3-15/IGLC3/IGKV4-1/IGHG3/IGLV2-14/IGLV3-25/IGKV1-5/IGLC2/IGHV3-23/IGLV3-19/IGLV6-57/IGLV1-47/IGLV2-23/IGHV3-11/IGLV1-40/IGHV3-33/IGLV1-51/IGKV3-20/IGKV1-17/IGLV2-11/IGKV1-12/IGHV3-7/IGHV3-48/IGHV3-30/IGLV3-21/IGLV1-44/IGKV2-30/IGLV3-27/IGHV2-5/IGKV1-16/IGHG4/IGHG2/IGKV3D-20/IGLV2-8/IGLV7-43/IGHV1-69/IGHV3-53/IGHV4-39/IGHV2-70/IGKV2-29";46
"GO:0002377";"GO:0002377";"immunoglobulin production";"48/186";"187/16097";5.22830532037063e-52;4.07558848068891e-50;3.60870998804529e-50;"MZB1/IGKV5-2/IGKC/IGKV3D-11/IGKV3-15/IGKV4-1/IGLV2-14/IGLV3-25/IGKV1-5/IGLV4-69/IGLV3-10/IGLV3-19/IGLV6-57/IGLV9-49/IGLV1-47/IGLV2-23/IGLV1-40/IGKV1-9/IGKV1-27/IGLV1-51/IGLV3-16/IGKV1-6/IGKV3-20/IGKV1-17/IGLV2-11/IGKV1-12/IGLV5-45/IGLV7-46/IGKV2-24/IGLV3-21/IGLV8-61/IGLV1-44/IGKV1D-8/IGLV4-60/IGKV2-30/IGLV3-27/IGKV1-16/IGLV5-37/IGKV1-8/IGKV1D-17/IGKV3D-20/IGLV3-9/IGLV2-8/IGLV7-43/IGKV1D-13/IGLV10-54/IGKV2D-29/IGKV2-29";48
"GO:0099024";"GO:0099024";"plasma membrane invagination";"42/186";"122/16097";1.46574280961672e-51;1.09064589970117e-49;9.65707104709196e-50;"AURKB/IGHG1/IGHV1-18/IGKC/IGHV1-24/IGHV4-59/IGHV4-34/IGLC3/IGHG3/IGHV5-51/IGLC2/IGHV3-23/IGHV3-21/IGHV3-49/IGHV3-11/IGHV3-33/IGHV3-66/IGHV3-20/IGHV4-61/IGHA1/IGHV4-28/IGHV3-43/IGHV3-7/IGHV3-48/IGHV3-30/IGHV3-64/IGHV3-15/IGHV3-74/IGHV2-5/IGHV6-1/IGHA2/IGHG4/IGHG2/IGHV1-69/IGHV3-53/IGHV1-3/IGHV4-39/IGHV4-4/IGHV2-70/IGHV7-4-1/IGHV2-26/IGHV1-69D";42
"GO:0006911";"GO:0006911";"phagocytosis, engulfment";"41/186";"113/16097";1.92425898839866e-51;1.36957041913418e-49;1.21267946316932e-49;"IGHG1/IGHV1-18/IGKC/IGHV1-24/IGHV4-59/IGHV4-34/IGLC3/IGHG3/IGHV5-51/IGLC2/IGHV3-23/IGHV3-21/IGHV3-49/IGHV3-11/IGHV3-33/IGHV3-66/IGHV3-20/IGHV4-61/IGHA1/IGHV4-28/IGHV3-43/IGHV3-7/IGHV3-48/IGHV3-30/IGHV3-64/IGHV3-15/IGHV3-74/IGHV2-5/IGHV6-1/IGHA2/IGHG4/IGHG2/IGHV1-69/IGHV3-53/IGHV1-3/IGHV4-39/IGHV4-4/IGHV2-70/IGHV7-4-1/IGHV2-26/IGHV1-69D";41
"GO:0050853";"GO:0050853";"B cell receptor signaling pathway";"41/186";"118/16097";1.62991029757104e-50;1.11173464880158e-48;9.84380034980405e-49;"IGHG1/IGHV1-18/IGKC/IGHV1-24/IGHV4-59/IGHV4-34/IGLC3/IGHG3/IGHV5-51/IGLC2/IGHV3-23/IGHV3-21/IGHV3-49/IGHV3-11/IGHV3-33/IGHV3-66/IGHV3-20/IGHV4-61/IGHA1/IGHV4-28/IGHV3-43/IGHV3-7/IGHV3-48/IGHV3-30/IGHV3-64/IGHV3-15/IGHV3-74/IGHV2-5/IGHV6-1/IGHA2/IGHG4/IGHG2/IGHV1-69/IGHV3-53/IGHV1-3/IGHV4-39/IGHV4-4/IGHV2-70/IGHV7-4-1/IGHV2-26/IGHV1-69D";41
"GO:0010324";"GO:0010324";"membrane invagination";"42/186";"130/16097";3.45080679861802e-50;2.25958829173508e-48;2.00074145755664e-48;"AURKB/IGHG1/IGHV1-18/IGKC/IGHV1-24/IGHV4-59/IGHV4-34/IGLC3/IGHG3/IGHV5-51/IGLC2/IGHV3-23/IGHV3-21/IGHV3-49/IGHV3-11/IGHV3-33/IGHV3-66/IGHV3-20/IGHV4-61/IGHA1/IGHV4-28/IGHV3-43/IGHV3-7/IGHV3-48/IGHV3-30/IGHV3-64/IGHV3-15/IGHV3-74/IGHV2-5/IGHV6-1/IGHA2/IGHG4/IGHG2/IGHV1-69/IGHV3-53/IGHV1-3/IGHV4-39/IGHV4-4/IGHV2-70/IGHV7-4-1/IGHV2-26/IGHV1-69D";42
"GO:0050871";"GO:0050871";"positive regulation of B cell activation";"41/186";"136/16097";1.52450131855495e-47;9.59849484028637e-46;8.49894054919097e-46;"IGHG1/IGHV1-18/IGKC/IGHV1-24/IGHV4-59/IGHV4-34/IGLC3/IGHG3/IGHV5-51/IGLC2/IGHV3-23/IGHV3-21/IGHV3-49/IGHV3-11/IGHV3-33/IGHV3-66/IGHV3-20/IGHV4-61/IGHA1/IGHV4-28/IGHV3-43/IGHV3-7/IGHV3-48/IGHV3-30/IGHV3-64/IGHV3-15/IGHV3-74/IGHV2-5/IGHV6-1/IGHA2/IGHG4/IGHG2/IGHV1-69/IGHV3-53/IGHV1-3/IGHV4-39/IGHV4-4/IGHV2-70/IGHV7-4-1/IGHV2-26/IGHV1-69D";41
"GO:0038095";"GO:0038095";"Fc-epsilon receptor signaling pathway";"42/186";"163/16097";1.8301535432704e-45;1.10961531493839e-43;9.82503481124111e-44;"IGKV5-2/IGKC/IGKV3D-11/IGHV4-59/IGHV4-34/IGKV3-15/IGLC3/IGKV4-1/IGLV2-14/IGLV3-25/IGKV1-5/IGLC2/IGHV3-23/IGLV3-19/IGLV6-57/IGLV1-47/IGLV2-23/IGHV3-11/IGLV1-40/IGHV3-33/IGLV1-51/IGKV3-20/IGKV1-17/IGLV2-11/IGKV1-12/IGHV3-7/IGHV3-48/IGHV3-30/IGLV3-21/IGLV1-44/IGKV2-30/IGLV3-27/IGHV2-5/IGKV1-16/IGKV3D-20/IGLV2-8/IGLV7-43/IGHV1-69/IGHV3-53/IGHV4-39/IGHV2-70/IGKV2-29";42
"GO:0038093";"GO:0038093";"Fc receptor signaling pathway";"46/186";"233/16097";4.59628915726383e-44;2.68718762515746e-42;2.37935720659861e-42;"IGHG1/IGKV5-2/IGKC/IGKV3D-11/IGHV4-59/IGHV4-34/IGKV3-15/IGLC3/IGKV4-1/IGHG3/IGLV2-14/IGLV3-25/IGKV1-5/IGLC2/IGHV3-23/IGLV3-19/IGLV6-57/IGLV1-47/IGLV2-23/IGHV3-11/IGLV1-40/IGHV3-33/IGLV1-51/IGKV3-20/IGKV1-17/IGLV2-11/IGKV1-12/IGHV3-7/IGHV3-48/IGHV3-30/IGLV3-21/IGLV1-44/IGKV2-30/IGLV3-27/IGHV2-5/IGKV1-16/IGHG4/IGHG2/IGKV3D-20/IGLV2-8/IGLV7-43/IGHV1-69/IGHV3-53/IGHV4-39/IGHV2-70/IGKV2-29";46
"GO:0002440";"GO:0002440";"production of molecular mediator of immune response";"48/186";"270/16097";1.02545468154303e-43;5.7885148747791e-42;5.1254123284383e-42;"MZB1/IGKV5-2/IGKC/IGKV3D-11/IGKV3-15/IGKV4-1/IGLV2-14/IGLV3-25/IGKV1-5/IGLV4-69/IGLV3-10/IGLV3-19/IGLV6-57/IGLV9-49/IGLV1-47/IGLV2-23/IGLV1-40/IGKV1-9/IGKV1-27/IGLV1-51/IGLV3-16/IGKV1-6/IGKV3-20/IGKV1-17/IGLV2-11/IGKV1-12/IGLV5-45/IGLV7-46/IGKV2-24/IGLV3-21/IGLV8-61/IGLV1-44/IGKV1D-8/IGLV4-60/IGKV2-30/IGLV3-27/IGKV1-16/IGLV5-37/IGKV1-8/IGKV1D-17/IGKV3D-20/IGLV3-9/IGLV2-8/IGLV7-43/IGKV1D-13/IGLV10-54/IGKV2D-29/IGKV2-29";48
"GO:0050864";"GO:0050864";"regulation of B cell activation";"42/186";"178/16097";1.10261472318391e-43;6.01660100617353e-42;5.32737008359384e-42;"IGHG1/MZB1/IGHV1-18/IGKC/IGHV1-24/IGHV4-59/IGHV4-34/IGLC3/IGHG3/IGHV5-51/IGLC2/IGHV3-23/IGHV3-21/IGHV3-49/IGHV3-11/IGHV3-33/IGHV3-66/IGHV3-20/IGHV4-61/IGHA1/IGHV4-28/IGHV3-43/IGHV3-7/IGHV3-48/IGHV3-30/IGHV3-64/IGHV3-15/IGHV3-74/IGHV2-5/IGHV6-1/IGHA2/IGHG4/IGHG2/IGHV1-69/IGHV3-53/IGHV1-3/IGHV4-39/IGHV4-4/IGHV2-70/IGHV7-4-1/IGHV2-26/IGHV1-69D";42
"GO:0006898";"GO:0006898";"receptor-mediated endocytosis";"48/186";"306/16097";5.32581212265464e-41;2.81237240154375e-39;2.49020145768945e-39;"IGKV5-2/IGKC/IGKV3D-11/IGHV4-59/IGHV4-34/IGKV3-15/CAV1/JCHAIN/IGLC3/IGKV4-1/IGLV2-14/IGLV3-25/IGKV1-5/IGLC2/IGHV3-23/IGLV3-19/IGLV6-57/IGLV1-47/IGLV2-23/IGHV3-11/IGLV1-40/IGHV3-33/IGLV1-51/IGKV3-20/IGKV1-17/IGLV2-11/IGHA1/IGKV1-12/IGHV3-7/IGHV3-48/IGHV3-30/IGLV3-21/IGLV1-44/CLU/IGKV2-30/IGLV3-27/IGHV2-5/IGKV1-16/IGHA2/IGKV3D-20/IGLV2-8/IGLV7-43/IGHV1-69/IGHV3-53/IGHV4-39/IGHV2-70/IGKV2-29/HBA1";48
"GO:0008037";"GO:0008037";"cell recognition";"41/186";"203/16097";1.2516417101663e-39;6.40292962356946e-38;5.6694428779572e-38;"IGHG1/IGHV1-18/IGKC/IGHV1-24/IGHV4-59/IGHV4-34/IGLC3/IGHG3/IGHV5-51/IGLC2/IGHV3-23/IGHV3-21/IGHV3-49/IGHV3-11/IGHV3-33/IGHV3-66/IGHV3-20/IGHV4-61/IGHA1/IGHV4-28/IGHV3-43/IGHV3-7/IGHV3-48/IGHV3-30/IGHV3-64/IGHV3-15/IGHV3-74/IGHV2-5/IGHV6-1/IGHA2/IGHG4/IGHG2/IGHV1-69/IGHV3-53/IGHV1-3/IGHV4-39/IGHV4-4/IGHV2-70/IGHV7-4-1/IGHV2-26/IGHV1-69D";41
"GO:0042742";"GO:0042742";"defense response to bacterium";"43/186";"249/16097";1.69289475397988e-38;8.3977839765608e-37;7.4357769576724e-37;"IGHG1/IGHV1-18/IGKC/IGHV1-24/IGHV4-59/IGHV4-34/JCHAIN/IGLC3/IGHG3/IGHV5-51/IGLC2/IGHV3-23/IGHV3-21/IGHV3-49/IGHV3-11/IGHV3-33/IGHV3-66/IGHV3-20/IGKV3-20/IGHV4-61/IGHA1/IGHV4-28/IGHV3-43/IGHV3-7/IGHV3-48/IGHV3-30/IGHV3-64/IGHV3-15/IGHV3-74/IGHV2-5/IGHV6-1/IGHA2/IGHG4/IGHG2/IGHV1-69/IGHV3-53/IGHV1-3/IGHV4-39/IGHV4-4/IGHV2-70/IGHV7-4-1/IGHV2-26/IGHV1-69D";43
"GO:0002697";"GO:0002697";"regulation of immune effector process";"51/186";"435/16097";3.93470179711999e-37;1.89444318878983e-35;1.67742550298273e-35;"IGHG1/MZB1/IGKV5-2/IGKC/IGKV3D-11/IGHV4-59/IGHV4-34/IGKV3-15/IGLC3/IGKV4-1/IGHG3/IGLV2-14/IGLV3-25/IGKV1-5/IGLC2/IGHV3-23/IGLV3-19/IGLV6-57/IGLV1-47/IGLV2-23/IGHV3-11/IGLV1-40/IGHV3-33/IGLV1-51/C1QB/C1QC/IGKV3-20/IGKV1-17/IGLV2-11/IGKV1-12/IGHV3-7/IGHV3-48/IGHV3-30/IGLV3-21/IGLV1-44/CLU/IGKV2-30/IGLV3-27/IGHV2-5/IGKV1-16/IGHG4/IGHG2/IFIT1B/IGKV3D-20/IGLV2-8/IGLV7-43/IGHV1-69/IGHV3-53/IGHV4-39/IGHV2-70/IGKV2-29";51
"GO:0050851";"GO:0050851";"antigen receptor-mediated signaling pathway";"43/186";"305/16097";1.33206736645167e-34;6.23026936823252e-33;5.51656169504947e-33;"IGHG1/IGHV1-18/IGKC/IGHV1-24/IGHV4-59/IGHV4-34/IGLC3/IGHG3/IGHV5-51/IGLC2/IGHV3-23/IGHV3-21/IGHV3-49/IGHV3-11/IGHV3-33/IGHV3-66/IGHV3-20/IGHV4-61/IGHA1/IGHV4-28/IGHV3-43/IGHV3-7/IGHV3-48/IGHV3-30/IGHV3-64/IGHV3-15/IGHV3-74/IGHV2-5/IGHV6-1/IGHA2/IGHG4/IGHG2/IGHV1-69/HLA-DQB2/IGHV3-53/IGHV1-3/IGHV4-39/IGHV4-4/IGHV2-70/IGHV7-4-1/HLA-DQA1/IGHV2-26/IGHV1-69D";43
"GO:0042113";"GO:0042113";"B cell activation";"42/186";"295/16097";5.75286203169102e-34;2.61595420718839e-32;2.31628392328612e-32;"IGHG1/MZB1/IGHV1-18/IGKC/IGHV1-24/IGHV4-59/IGHV4-34/IGLC3/IGHG3/IGHV5-51/IGLC2/IGHV3-23/IGHV3-21/IGHV3-49/IGHV3-11/IGHV3-33/IGHV3-66/IGHV3-20/IGHV4-61/IGHA1/IGHV4-28/IGHV3-43/IGHV3-7/IGHV3-48/IGHV3-30/IGHV3-64/IGHV3-15/IGHV3-74/IGHV2-5/IGHV6-1/IGHA2/IGHG4/IGHG2/IGHV1-69/IGHV3-53/IGHV1-3/IGHV4-39/IGHV4-4/IGHV2-70/IGHV7-4-1/IGHV2-26/IGHV1-69D";42
"GO:0050900";"GO:0050900";"leukocyte migration";"49/186";"477/16097";7.22737782770427e-33;3.19762635241943e-31;2.83132269381189e-31;"SDC1/IGKV5-2/IGKC/IGKV3D-11/IGHV4-59/IGHV4-34/IGKV3-15/CAV1/JCHAIN/IGLC3/IGKV4-1/IGLV2-14/IGLV3-25/IGKV1-5/IGLC2/IGHV3-23/IGLV3-19/IGLV6-57/IGLV1-47/IGLV2-23/IGHV3-11/IGLV1-40/IGHV3-33/IGLV1-51/IGKV3-20/IGKV1-17/IGLV2-11/IGHA1/IGKV1-12/IGHV3-7/IGHV3-48/IGHV3-30/IGLV3-21/IGLV1-44/IGKV2-30/IGLV3-27/IGHV2-5/IGKV1-16/IGHA2/PF4V1/ITGA2B/IGKV3D-20/IGLV2-8/IGLV7-43/IGHV1-69/IGHV3-53/IGHV4-39/IGHV2-70/IGKV2-29";49
"GO:0051251";"GO:0051251";"positive regulation of lymphocyte activation";"42/186";"333/16097";9.58131926151281e-32;4.12753148186749e-30;3.65470266567954e-30;"IGHG1/IGHV1-18/IGKC/IGHV1-24/IGHV4-59/IGHV4-34/CAV1/IGLC3/IGHG3/IGHV5-51/IGLC2/IGHV3-23/IGHV3-21/IGHV3-49/IGHV3-11/IGHV3-33/IGHV3-66/IGHV3-20/IGHV4-61/IGHA1/IGHV4-28/IGHV3-43/IGHV3-7/IGHV3-48/IGHV3-30/IGHV3-64/IGHV3-15/IGHV3-74/IGHV2-5/IGHV6-1/IGHA2/IGHG4/IGHG2/IGHV1-69/IGHV3-53/IGHV1-3/IGHV4-39/IGHV4-4/IGHV2-70/IGHV7-4-1/IGHV2-26/IGHV1-69D";42
"GO:0002696";"GO:0002696";"positive regulation of leukocyte activation";"42/186";"374/16097";1.18476904995738e-29;4.97299214046211e-28;4.40331169174442e-28;"IGHG1/IGHV1-18/IGKC/IGHV1-24/IGHV4-59/IGHV4-34/CAV1/IGLC3/IGHG3/IGHV5-51/IGLC2/IGHV3-23/IGHV3-21/IGHV3-49/IGHV3-11/IGHV3-33/IGHV3-66/IGHV3-20/IGHV4-61/IGHA1/IGHV4-28/IGHV3-43/IGHV3-7/IGHV3-48/IGHV3-30/IGHV3-64/IGHV3-15/IGHV3-74/IGHV2-5/IGHV6-1/IGHA2/IGHG4/IGHG2/IGHV1-69/IGHV3-53/IGHV1-3/IGHV4-39/IGHV4-4/IGHV2-70/IGHV7-4-1/IGHV2-26/IGHV1-69D";42
"GO:0050867";"GO:0050867";"positive regulation of cell activation";"42/186";"384/16097";3.50025718464705e-29;1.4324802528168e-27;1.26838266927868e-27;"IGHG1/IGHV1-18/IGKC/IGHV1-24/IGHV4-59/IGHV4-34/CAV1/IGLC3/IGHG3/IGHV5-51/IGLC2/IGHV3-23/IGHV3-21/IGHV3-49/IGHV3-11/IGHV3-33/IGHV3-66/IGHV3-20/IGHV4-61/IGHA1/IGHV4-28/IGHV3-43/IGHV3-7/IGHV3-48/IGHV3-30/IGHV3-64/IGHV3-15/IGHV3-74/IGHV2-5/IGHV6-1/IGHA2/IGHG4/IGHG2/IGHV1-69/IGHV3-53/IGHV1-3/IGHV4-39/IGHV4-4/IGHV2-70/IGHV7-4-1/IGHV2-26/IGHV1-69D";42
"GO:0051249";"GO:0051249";"regulation of lymphocyte activation";"43/186";"476/16097";1.88375287827998e-26;7.52122795547396e-25;6.65963469420162e-25;"IGHG1/MZB1/IGHV1-18/IGKC/IGHV1-24/IGHV4-59/IGHV4-34/CAV1/IGLC3/IGHG3/IGHV5-51/IGLC2/IGHV3-23/IGHV3-21/IGHV3-49/IGHV3-11/IGHV3-33/IGHV3-66/IGHV3-20/IGHV4-61/IGHA1/IGHV4-28/IGHV3-43/IGHV3-7/IGHV3-48/IGHV3-30/IGHV3-64/IGHV3-15/IGHV3-74/IGHV2-5/IGHV6-1/IGHA2/IGHG4/IGHG2/IGHV1-69/IGHV3-53/IGHV1-3/IGHV4-39/IGHV4-4/IGHV2-70/IGHV7-4-1/IGHV2-26/IGHV1-69D";43
"GO:0140014";"GO:0140014";"mitotic nuclear division";"24/186";"291/16097";4.20487440108732e-14;1.63889985585237e-12;1.45115590233014e-12;"KIF4A/PLK1/ESPL1/UBE2C/TPX2/CDC20/CDCA5/PKMYT1/MKI67/AURKB/DLGAP5/CDT1/CCNB2/MYBL2/BUB1B/BUB1/KIF2C/NCAPG/KIFC1/ZWINT/CDC6/ANLN/TRIP13/CDK1";24
"GO:0007059";"GO:0007059";"chromosome segregation";"25/186";"321/16097";4.43373785638777e-14;1.68791369090855e-12;1.4945549640749e-12;"KIF4A/PLK1/ESPL1/HJURP/UBE2C/CDC20/CDCA5/MKI67/SPC25/AURKB/TOP2A/DLGAP5/CDCA2/CDT1/BUB1B/BUB1/KIF2C/NCAPG/KIFC1/ZWINT/BIRC5/CDC6/SKA3/SKA1/TRIP13";25
"GO:0051983";"GO:0051983";"regulation of chromosome segregation";"14/186";"83/16097";6.0960532145999e-13;2.2680088891591e-11;2.00819743457035e-11;"PLK1/ESPL1/UBE2C/CDC20/MKI67/AURKB/DLGAP5/CDT1/BUB1B/BUB1/KIF2C/ZWINT/CDC6/TRIP13";14
"GO:0030071";"GO:0030071";"regulation of mitotic metaphase/anaphase transition";"12/186";"58/16097";2.22540779354741e-12;8.09553901786024e-11;7.16815562974218e-11;"PLK1/ESPL1/UBE2C/CDC20/AURKB/DLGAP5/CDT1/BUB1B/BUB1/ZWINT/CDC6/TRIP13";12
"GO:0000280";"GO:0000280";"nuclear division";"26/186";"417/16097";2.3252031351825e-12;8.27469028759512e-11;7.32678424976271e-11;"KIF4A/PLK1/ESPL1/UBE2C/TPX2/CDC20/CDCA5/PKMYT1/MKI67/AURKB/TOP2A/DLGAP5/CDT1/CCNB2/MYBL2/BUB1B/BUB1/KIF2C/NCAPG/KIFC1/ZWINT/CDC6/ANLN/RAD51/TRIP13/CDK1";26
"GO:1902099";"GO:1902099";"regulation of metaphase/anaphase transition of cell cycle";"12/186";"59/16097";2.76570738983959e-12;9.63289999397321e-11;8.5294044251044e-11;"PLK1/ESPL1/UBE2C/CDC20/AURKB/DLGAP5/CDT1/BUB1B/BUB1/ZWINT/CDC6/TRIP13";12
"GO:0007091";"GO:0007091";"metaphase/anaphase transition of mitotic cell cycle";"12/186";"60/16097";3.42262046989318e-12;1.16725618941982e-10;1.03354131294801e-10;"PLK1/ESPL1/UBE2C/CDC20/AURKB/DLGAP5/CDT1/BUB1B/BUB1/ZWINT/CDC6/TRIP13";12
"GO:0044784";"GO:0044784";"metaphase/anaphase transition of cell cycle";"12/186";"61/16097";4.21827634646104e-12;1.40924864880749e-10;1.24781235855571e-10;"PLK1/ESPL1/UBE2C/CDC20/AURKB/DLGAP5/CDT1/BUB1B/BUB1/ZWINT/CDC6/TRIP13";12
"GO:0000070";"GO:0000070";"mitotic sister chromatid segregation";"17/186";"163/16097";6.17298765573838e-12;2.02103615848875e-10;1.78951663198984e-10;"KIF4A/PLK1/ESPL1/UBE2C/CDC20/CDCA5/AURKB/DLGAP5/CDT1/BUB1B/BUB1/KIF2C/NCAPG/KIFC1/ZWINT/CDC6/TRIP13";17
"GO:0010965";"GO:0010965";"regulation of mitotic sister chromatid separation";"12/186";"63/16097";6.33304003361606e-12;2.03278167353519e-10;1.79991664113299e-10;"PLK1/ESPL1/UBE2C/CDC20/AURKB/DLGAP5/CDT1/BUB1B/BUB1/ZWINT/CDC6/TRIP13";12
"GO:0000819";"GO:0000819";"sister chromatid segregation";"18/186";"191/16097";8.10696455801918e-12;2.55213480413027e-10;2.25977534339927e-10;"KIF4A/PLK1/ESPL1/UBE2C/CDC20/CDCA5/AURKB/TOP2A/DLGAP5/CDT1/BUB1B/BUB1/KIF2C/NCAPG/KIFC1/ZWINT/CDC6/TRIP13";18
"GO:0051306";"GO:0051306";"mitotic sister chromatid separation";"12/186";"65/16097";9.36939651575619e-12;2.89390605590432e-10;2.5623950351929e-10;"PLK1/ESPL1/UBE2C/CDC20/AURKB/DLGAP5/CDT1/BUB1B/BUB1/ZWINT/CDC6/TRIP13";12
"GO:0033045";"GO:0033045";"regulation of sister chromatid segregation";"12/186";"68/16097";1.64370141677793e-11;4.89225312593721e-10;4.33182172421666e-10;"PLK1/ESPL1/UBE2C/CDC20/AURKB/DLGAP5/CDT1/BUB1B/BUB1/ZWINT/CDC6/TRIP13";12
"GO:1905818";"GO:1905818";"regulation of chromosome separation";"12/186";"68/16097";1.64370141677793e-11;4.89225312593721e-10;4.33182172421666e-10;"PLK1/ESPL1/UBE2C/CDC20/AURKB/DLGAP5/CDT1/BUB1B/BUB1/ZWINT/CDC6/TRIP13";12
"GO:0048285";"GO:0048285";"organelle fission";"26/186";"467/16097";2.94950831354947e-11;8.62204483800087e-10;7.63434764616094e-10;"KIF4A/PLK1/ESPL1/UBE2C/TPX2/CDC20/CDCA5/PKMYT1/MKI67/AURKB/TOP2A/DLGAP5/CDT1/CCNB2/MYBL2/BUB1B/BUB1/KIF2C/NCAPG/KIFC1/ZWINT/CDC6/ANLN/RAD51/TRIP13/CDK1";26
"GO:0051304";"GO:0051304";"chromosome separation";"13/186";"91/16097";3.75263113282636e-11;1.07772932709417e-09;9.54270188347534e-10;"PLK1/ESPL1/UBE2C/CDC20/AURKB/TOP2A/DLGAP5/CDT1/BUB1B/BUB1/ZWINT/CDC6/TRIP13";13
"GO:0098813";"GO:0098813";"nuclear chromosome segregation";"18/186";"260/16097";1.3105953376596e-09;3.69904235818751e-08;3.27529905618378e-08;"KIF4A/PLK1/ESPL1/UBE2C/CDC20/CDCA5/AURKB/TOP2A/DLGAP5/CDT1/BUB1B/BUB1/KIF2C/NCAPG/KIFC1/ZWINT/CDC6/TRIP13";18
"GO:0007088";"GO:0007088";"regulation of mitotic nuclear division";"12/186";"105/16097";3.03933608317909e-09;8.43286977654945e-08;7.46684350854168e-08;"PLK1/ESPL1/CDC20/PKMYT1/MKI67/AURKB/DLGAP5/CDT1/BUB1B/BUB1/ZWINT/TRIP13";12
"GO:0007094";"GO:0007094";"mitotic spindle assembly checkpoint";"8/186";"37/16097";7.92420540582302e-09;2.0922458466665e-07;1.85256890387407e-07;"PLK1/CDC20/AURKB/CDT1/BUB1B/BUB1/ZWINT/TRIP13";8
"GO:0071173";"GO:0071173";"spindle assembly checkpoint";"8/186";"37/16097";7.92420540582302e-09;2.0922458466665e-07;1.85256890387407e-07;"PLK1/CDC20/AURKB/CDT1/BUB1B/BUB1/ZWINT/TRIP13";8
"GO:0071174";"GO:0071174";"mitotic spindle checkpoint";"8/186";"37/16097";7.92420540582302e-09;2.0922458466665e-07;1.85256890387407e-07;"PLK1/CDC20/AURKB/CDT1/BUB1B/BUB1/ZWINT/TRIP13";8
"GO:1901990";"GO:1901990";"regulation of mitotic cell cycle phase transition";"21/186";"405/16097";9.55063231631024e-09;2.48164842885712e-07;2.19736352540672e-07;"PLK1/ESPL1/UBE2C/TPX2/CDC20/CDCA5/AURKB/DLGAP5/DTL/HMMR/CDT1/BUB1B/GTSE1/BUB1/CLSPN/ZWINT/CDC6/ANLN/TRIP13/CDK1/E2F1";21
"GO:0031577";"GO:0031577";"spindle checkpoint";"8/186";"38/16097";9.93882264250115e-09;2.54216447902725e-07;2.2509471675533e-07;"PLK1/CDC20/AURKB/CDT1/BUB1B/BUB1/ZWINT/TRIP13";8
"GO:0045841";"GO:0045841";"negative regulation of mitotic metaphase/anaphase transition";"8/186";"39/16097";1.23809808549717e-08;3.11810240916749e-07;2.76090860523013e-07;"PLK1/CDC20/AURKB/CDT1/BUB1B/BUB1/ZWINT/TRIP13";8
"GO:1902100";"GO:1902100";"negative regulation of metaphase/anaphase transition of cell cycle";"8/186";"40/16097";1.53243685436381e-08;3.8009077736266e-07;3.36549529259803e-07;"PLK1/CDC20/AURKB/CDT1/BUB1B/BUB1/ZWINT/TRIP13";8
"GO:0000075";"GO:0000075";"cell cycle checkpoint";"15/186";"206/16097";1.67893721122156e-08;4.10211972353687e-07;3.63220194792159e-07;"PLK1/CDC20/AURKB/DTL/CDT1/BUB1B/GTSE1/BUB1/CLSPN/ZWINT/CDC6/CDC45/TRIP13/CDK1/E2F1";15
"GO:0033046";"GO:0033046";"negative regulation of sister chromatid segregation";"8/186";"42/16097";2.30599787539928e-08;5.39274074575517e-07;4.77497605176662e-07;"PLK1/CDC20/AURKB/CDT1/BUB1B/BUB1/ZWINT/TRIP13";8
"GO:0033048";"GO:0033048";"negative regulation of mitotic sister chromatid segregation";"8/186";"42/16097";2.30599787539928e-08;5.39274074575517e-07;4.77497605176662e-07;"PLK1/CDC20/AURKB/CDT1/BUB1B/BUB1/ZWINT/TRIP13";8
"GO:2000816";"GO:2000816";"negative regulation of mitotic sister chromatid separation";"8/186";"42/16097";2.30599787539928e-08;5.39274074575517e-07;4.77497605176662e-07;"PLK1/CDC20/AURKB/CDT1/BUB1B/BUB1/ZWINT/TRIP13";8
"GO:0051783";"GO:0051783";"regulation of nuclear division";"12/186";"127/16097";2.68557957922385e-08;6.19196305801329e-07;5.48264355906781e-07;"PLK1/ESPL1/CDC20/PKMYT1/MKI67/AURKB/DLGAP5/CDT1/BUB1B/BUB1/ZWINT/TRIP13";12
"GO:0051985";"GO:0051985";"negative regulation of chromosome segregation";"8/186";"43/16097";2.80529035020514e-08;6.29076753874769e-07;5.57012950574257e-07;"PLK1/CDC20/AURKB/CDT1/BUB1B/BUB1/ZWINT/TRIP13";8
"GO:1905819";"GO:1905819";"negative regulation of chromosome separation";"8/186";"43/16097";2.80529035020514e-08;6.29076753874769e-07;5.57012950574257e-07;"PLK1/CDC20/AURKB/CDT1/BUB1B/BUB1/ZWINT/TRIP13";8
"GO:1901987";"GO:1901987";"regulation of cell cycle phase transition";"21/186";"435/16097";3.29410974180997e-08;7.28710492884178e-07;6.45233159953389e-07;"PLK1/ESPL1/UBE2C/TPX2/CDC20/CDCA5/AURKB/DLGAP5/DTL/HMMR/CDT1/BUB1B/GTSE1/BUB1/CLSPN/ZWINT/CDC6/ANLN/TRIP13/CDK1/E2F1";21
"GO:0007093";"GO:0007093";"mitotic cell cycle checkpoint";"13/186";"157/16097";3.42412647069281e-08;7.47372671003217e-07;6.61757494757053e-07;"PLK1/CDC20/AURKB/CDT1/BUB1B/GTSE1/BUB1/CLSPN/ZWINT/CDC6/TRIP13/CDK1/E2F1";13
"GO:0033047";"GO:0033047";"regulation of mitotic sister chromatid segregation";"8/186";"45/16097";4.0886202839216e-08;8.80667290102587e-07;7.79782566614964e-07;"PLK1/CDC20/AURKB/CDT1/BUB1B/BUB1/ZWINT/TRIP13";8
"GO:0045839";"GO:0045839";"negative regulation of mitotic nuclear division";"8/186";"47/16097";5.84821842910366e-08;1.2433160478497e-06;1.10088814448062e-06;"PLK1/CDC20/AURKB/CDT1/BUB1B/BUB1/ZWINT/TRIP13";8
"GO:2001251";"GO:2001251";"negative regulation of chromosome organization";"10/186";"90/16097";8.56181497664952e-08;1.79688347650965e-06;1.5910417304786e-06;"PLK1/ESPL1/CDC20/AURKB/TOP2A/CDT1/BUB1B/BUB1/ZWINT/TRIP13";10
"GO:0051784";"GO:0051784";"negative regulation of nuclear division";"8/186";"53/16097";1.55374414210848e-07;3.21959387421719e-06;2.85077372909177e-06;"PLK1/CDC20/AURKB/CDT1/BUB1B/BUB1/ZWINT/TRIP13";8
"GO:0010948";"GO:0010948";"negative regulation of cell cycle process";"17/186";"330/16097";2.90975083910398e-07;5.95407765451653e-06;5.2720090861134e-06;"PLK1/ESPL1/RRM2/CDC20/AURKB/DTL/CDT1/BUB1B/GTSE1/BUB1/CLSPN/ZWINT/CDC6/RAD51/TRIP13/CDK1/E2F1";17
"GO:0033044";"GO:0033044";"regulation of chromosome organization";"15/186";"265/16097";4.56784634274145e-07;9.23156106551574e-06;8.17404082385311e-06;"PLK1/ESPL1/UBE2C/CDC20/CDCA5/H1-5/AURKB/TOP2A/DLGAP5/CDT1/BUB1B/BUB1/ZWINT/CDC6/TRIP13";15
"GO:1901988";"GO:1901988";"negative regulation of cell cycle phase transition";"14/186";"243/16097";9.05925473511955e-07;1.80853658553545e-05;1.60135991916041e-05;"PLK1/CDC20/AURKB/DTL/CDT1/BUB1B/GTSE1/BUB1/CLSPN/ZWINT/CDC6/TRIP13/CDK1/E2F1";14
"GO:1902850";"GO:1902850";"microtubule cytoskeleton organization involved in mitosis";"11/186";"145/16097";9.62726781005011e-07;1.89877559097012e-05;1.68126160741141e-05;"KIF4A/PLK1/ESPL1/CENPA/TPX2/CDC20/SPC25/AURKB/DLGAP5/MYBL2/KIFC1";11
"GO:0007051";"GO:0007051";"spindle organization";"12/186";"182/16097";1.37014874179987e-06;2.67015891705522e-05;2.3642792198727e-05;"KIF4A/PLK1/ESPL1/ASPM/TPX2/CDC20/SPC25/AURKB/DLGAP5/CCNB2/MYBL2/KIFC1";12
"GO:0000083";"GO:0000083";"regulation of transcription involved in G1/S transition of mitotic cell cycle";"6/186";"34/16097";2.25637347789899e-06;4.34550986273017e-05;3.84771056231196e-05;"RRM2/CDT1/CDC6/CDC45/TYMS/E2F1";6
"GO:1901991";"GO:1901991";"negative regulation of mitotic cell cycle phase transition";"13/186";"229/16097";2.64803831593403e-06;5.04051014323722e-05;4.46309517875295e-05;"PLK1/CDC20/AURKB/CDT1/BUB1B/GTSE1/BUB1/CLSPN/ZWINT/CDC6/TRIP13/CDK1/E2F1";13
"GO:0044839";"GO:0044839";"cell cycle G2/M phase transition";"14/186";"268/16097";2.8784998099574e-06;5.41621171137961e-05;4.79575830406696e-05;"FOXM1/PLK1/TPX2/PKMYT1/AURKB/DTL/HMMR/CCNA2/CCNB2/GTSE1/CLSPN/CDC6/MELK/CDK1";14
"GO:1901992";"GO:1901992";"positive regulation of mitotic cell cycle phase transition";"8/186";"79/16097";3.54104732175333e-06;6.58715280194341e-05;5.83256239480183e-05;"ESPL1/UBE2C/CDCA5/DLGAP5/DTL/CDT1/CDC6/CDK1";8
"GO:0000086";"GO:0000086";"G2/M transition of mitotic cell cycle";"13/186";"250/16097";6.91308812823856e-06;0.000127154216471085;0.000112588082230449;"FOXM1/PLK1/TPX2/PKMYT1/AURKB/DTL/HMMR/CCNA2/CCNB2/CLSPN/CDC6/MELK/CDK1";13
"GO:0071459";"GO:0071459";"protein localization to chromosome, centromeric region";"5/186";"25/16097";8.59574966336335e-06;0.00015634713554362;0.000138436810367852;"CENPA/AURKB/CDT1/BUB1B/CDK1";5
"GO:0034502";"GO:0034502";"protein localization to chromosome";"8/186";"91/16097";1.02525347409296e-05;0.000182428254031541;0.000161530209819909;"PLK1/CENPA/CDCA5/H1-5/AURKB/CDT1/BUB1B/CDK1";8
"GO:1901989";"GO:1901989";"positive regulation of cell cycle phase transition";"8/186";"91/16097";1.02525347409296e-05;0.000182428254031541;0.000161530209819909;"ESPL1/UBE2C/CDCA5/DLGAP5/DTL/CDT1/CDC6/CDK1";8
"GO:0007052";"GO:0007052";"mitotic spindle organization";"9/186";"120/16097";1.0508829977273e-05;0.000184978007234364;0.00016378787638602;"KIF4A/PLK1/TPX2/CDC20/SPC25/AURKB/DLGAP5/MYBL2/KIFC1";9
"GO:0090307";"GO:0090307";"mitotic spindle assembly";"7/186";"66/16097";1.07616892408073e-05;0.000187413673268101;0.000165944525023422;"KIF4A/PLK1/TPX2/CDC20/AURKB/MYBL2/KIFC1";7
"GO:0061640";"GO:0061640";"cytoskeleton-dependent cytokinesis";"8/186";"96/16097";1.52303361747748e-05;0.000262442740190593;0.000232378647231744;"KIF4A/PLK1/ESPL1/CENPA/AURKB/KIF20A/CEP55/ANLN";8
"GO:0000281";"GO:0000281";"mitotic cytokinesis";"7/186";"70/16097";1.59337795078112e-05;0.000271704135982155;0.000240579105068597;"KIF4A/PLK1/ESPL1/CENPA/KIF20A/CEP55/ANLN";7
"GO:0045931";"GO:0045931";"positive regulation of mitotic cell cycle";"8/186";"106/16097";3.14022331708961e-05;0.000529953151554194;0.000469244439243884;"ESPL1/UBE2C/CDCA5/DLGAP5/DTL/CDT1/CDC6/CDK1";8
"GO:0000076";"GO:0000076";"DNA replication checkpoint";"4/186";"17/16097";3.65176377521561e-05;0.000609993602043669;0.000540115866645746;"CDT1/CLSPN/CDC6/CDC45";4
"GO:0045930";"GO:0045930";"negative regulation of mitotic cell cycle";"13/186";"296/16097";4.1178970906606e-05;0.000680908842162768;0.000602907420929255;"PLK1/CDC20/AURKB/CDT1/BUB1B/GTSE1/BUB1/CLSPN/ZWINT/CDC6/TRIP13/CDK1/E2F1";13
"GO:0007062";"GO:0007062";"sister chromatid cohesion";"6/186";"57/16097";4.88467023115551e-05;0.000799620516840157;0.000708020095610646;"PLK1/ESPL1/CDC20/CDCA5/BUB1B/BUB1";6
"GO:0051225";"GO:0051225";"spindle assembly";"8/186";"114/16097";5.29827572623079e-05;0.000858740333053445;0.00076036744919435;"KIF4A/PLK1/TPX2/CDC20/AURKB/CCNB2/MYBL2/KIFC1";8
"GO:0031570";"GO:0031570";"DNA integrity checkpoint";"9/186";"154/16097";7.59927106395272e-05;0.00121960850310692;0.00107989641435118;"PLK1/DTL/CDT1/GTSE1/CLSPN/CDC6/CDC45/CDK1/E2F1";9
"GO:0140013";"GO:0140013";"meiotic nuclear division";"9/186";"160/16097";0.000101955576797652;0.00162040076910444;0.0014347759759874;"PLK1/ESPL1/CDC20/TOP2A/CCNB2/BUB1B/BUB1/RAD51/TRIP13";9
"GO:0000910";"GO:0000910";"cytokinesis";"9/186";"162/16097";0.000112111772255848;0.00176468241521946;0.00156252945745246;"KIF4A/PLK1/ESPL1/CENPA/AURKB/KIF20A/CEP55/CDC6/ANLN";9
"GO:0003094";"GO:0003094";"glomerular filtration";"4/186";"23/16097";0.000128693037773993;0.00200638574129549;0.00177654449137632;"JCHAIN/IGKV3-20/IGHA1/IGHA2";4
"GO:0097205";"GO:0097205";"renal filtration";"4/186";"24/16097";0.000153043367795591;0.00236350936869228;0.00209275786945907;"JCHAIN/IGKV3-20/IGHA1/IGHA2";4
"GO:1903046";"GO:1903046";"meiotic cell cycle process";"9/186";"175/16097";0.000200971511335663;0.00307467629959327;0.00272245716782299;"PLK1/ESPL1/CDC20/TOP2A/CCNB2/BUB1B/BUB1/RAD51/TRIP13";9
"GO:0007143";"GO:0007143";"female meiotic nuclear division";"4/186";"27/16097";0.000246016756166329;0.00372897620226185;0.00330180383275862;"PLK1/TOP2A/CCNB2/TRIP13";4
"GO:0044843";"GO:0044843";"cell cycle G1/S phase transition";"11/186";"264/16097";0.000255758634809224;0.00384107234112569;0.0034010588134457;"RRM2/CDT1/CCNA2/GTSE1/MCM10/CDC6/CDKN3/CDC45/TYMS/CDK1/E2F1";11
"GO:0007080";"GO:0007080";"mitotic metaphase plate congression";"5/186";"50/16097";0.000271345947532231;0.00403812105554784;0.00357553463877399;"CDCA5/AURKB/CDT1/KIF2C/KIFC1";5
"GO:0051303";"GO:0051303";"establishment of chromosome localization";"6/186";"78/16097";0.000282973882667993;0.00417322744078832;0.00369516393014534;"CDCA5/AURKB/DLGAP5/CDT1/KIF2C/KIFC1";6
"GO:0007077";"GO:0007077";"mitotic nuclear envelope disassembly";"3/186";"12/16097";0.000309290168603442;0.00445121110558144;0.00394130321344285;"PLK1/CCNB2/CDK1";3
"GO:0015671";"GO:0015671";"oxygen transport";"3/186";"12/16097";0.000309290168603442;0.00445121110558144;0.00394130321344285;"HBM/HBD/HBA1";3
"GO:0090068";"GO:0090068";"positive regulation of cell cycle process";"11/186";"270/16097";0.000309980492386246;0.00445121110558144;0.00394130321344285;"ESPL1/UBE2C/CDCA5/AURKB/DLGAP5/DTL/CDT1/GTSE1/CDC6/CDK1/E2F1";11
"GO:0050000";"GO:0050000";"chromosome localization";"6/186";"80/16097";0.000324817679575607;0.00462370905621972;0.00409404068444495;"CDCA5/AURKB/DLGAP5/CDT1/KIF2C/KIFC1";6
"GO:0051321";"GO:0051321";"meiotic cell cycle";"10/186";"231/16097";0.000360743472928828;0.00509083676883182;0.0045076566444918;"PLK1/ESPL1/CDC20/PKMYT1/TOP2A/CCNB2/BUB1B/BUB1/RAD51/TRIP13";10
"GO:0031145";"GO:0031145";"anaphase-promoting complex-dependent catabolic process";"6/186";"82/16097";0.000371362037913226;0.00515186149206738;0.00456169068872892;"PLK1/UBE2C/CDC20/AURKB/BUB1B/CDK1";6
"GO:0045132";"GO:0045132";"meiotic chromosome segregation";"6/186";"82/16097";0.000371362037913226;0.00515186149206738;0.00456169068872892;"PLK1/ESPL1/TOP2A/BUB1B/BUB1/TRIP13";6
"GO:0006260";"GO:0006260";"DNA replication";"11/186";"277/16097";0.000385190737936442;0.00529880031934417;0.00469179695832358;"RRM2/DTL/CDT1/CCNA2/CLSPN/GINS2/MCM10/CDC6/CDC45/RAD51/CDK1";11
"GO:0051984";"GO:0051984";"positive regulation of chromosome segregation";"3/186";"13/16097";0.00039866461366261;0.0053935039055016;0.0047756517878505;"AURKB/CDT1/CDC6";3
"GO:1904668";"GO:1904668";"positive regulation of ubiquitin protein ligase activity";"3/186";"13/16097";0.00039866461366261;0.0053935039055016;0.0047756517878505;"PLK1/UBE2C/CDC20";3
"GO:0045842";"GO:0045842";"positive regulation of mitotic metaphase/anaphase transition";"3/186";"14/16097";0.000503087188675133;0.00664156232146123;0.00588073903909726;"ESPL1/DLGAP5/CDT1";3
"GO:1901970";"GO:1901970";"positive regulation of mitotic sister chromatid separation";"3/186";"14/16097";0.000503087188675133;0.00664156232146123;0.00588073903909726;"ESPL1/DLGAP5/CDT1";3
"GO:1902101";"GO:1902101";"positive regulation of metaphase/anaphase transition of cell cycle";"3/186";"14/16097";0.000503087188675133;0.00664156232146123;0.00588073903909726;"ESPL1/DLGAP5/CDT1";3
"GO:0010639";"GO:0010639";"negative regulation of organelle organization";"12/186";"334/16097";0.000518793128972575;0.00679411481702485;0.00601581590395988;"PLK1/ESPL1/TPX2/CDC20/AURKB/TOP2A/CDT1/BUB1B/BUB1/ZWINT/TRIP13/CLU";12
"GO:0000082";"GO:0000082";"G1/S transition of mitotic cell cycle";"10/186";"247/16097";0.000609448605891165;0.00773268360998679;0.00684686707452774;"RRM2/CDT1/GTSE1/MCM10/CDC6/CDKN3/CDC45/TYMS/CDK1/E2F1";10
"GO:0007096";"GO:0007096";"regulation of exit from mitosis";"3/186";"15/16097";0.000623527328355685;0.00773268360998679;0.00684686707452774;"UBE2C/CDCA5/ANLN";3
"GO:0020027";"GO:0020027";"hemoglobin metabolic process";"3/186";"15/16097";0.000623527328355685;0.00773268360998679;0.00684686707452774;"AHSP/EPB42/ALAS2";3
"GO:0030397";"GO:0030397";"membrane disassembly";"3/186";"15/16097";0.000623527328355685;0.00773268360998679;0.00684686707452774;"PLK1/CCNB2/CDK1";3
"GO:0051081";"GO:0051081";"nuclear envelope disassembly";"3/186";"15/16097";0.000623527328355685;0.00773268360998679;0.00684686707452774;"PLK1/CCNB2/CDK1";3
"GO:0051315";"GO:0051315";"attachment of mitotic spindle microtubules to kinetochore";"3/186";"15/16097";0.000623527328355685;0.00773268360998679;0.00684686707452774;"AURKB/CDT1/KIF2C";3
"GO:0060263";"GO:0060263";"regulation of respiratory burst";"3/186";"15/16097";0.000623527328355685;0.00773268360998679;0.00684686707452774;"JCHAIN/IGHA1/IGHA2";3
"GO:0031572";"GO:0031572";"G2 DNA damage checkpoint";"4/186";"35/16097";0.000682960698062045;0.00840606513328998;0.00744310946760139;"PLK1/DTL/CLSPN/CDK1";4
"GO:0015669";"GO:0015669";"gas transport";"3/186";"16/16097";0.000760915362334028;0.0092268033195615;0.00816982810084956;"HBM/HBD/HBA1";3
"GO:1905820";"GO:1905820";"positive regulation of chromosome separation";"3/186";"16/16097";0.000760915362334028;0.0092268033195615;0.00816982810084956;"ESPL1/DLGAP5/CDT1";3
"GO:0019730";"GO:0019730";"antimicrobial humoral response";"6/186";"94/16097";0.000770435273706984;0.00927354811072304;0.00821121804871917;"JCHAIN/IGKV3-20/IGHA1/CLU/IGHA2/PF4V1";6
"GO:1902749";"GO:1902749";"regulation of cell cycle G2/M phase transition";"9/186";"213/16097";0.000842016274682515;0.0100611725668268;0.00890861629072472;"PLK1/TPX2/AURKB/DTL/HMMR/GTSE1/CLSPN/CDC6/CDK1";9
"GO:0051310";"GO:0051310";"metaphase plate congression";"5/186";"64/16097";0.000857201984606167;0.0101364949979003;0.00897531017079301;"CDCA5/AURKB/CDT1/KIF2C/KIFC1";5
"GO:0000079";"GO:0000079";"regulation of cyclin-dependent protein serine/threonine kinase activity";"6/186";"96/16097";0.000860704217903571;0.0101364949979003;0.00897531017079301;"PLK1/PKMYT1/CCNA2/CCNB2/CDC6/CDKN3";6
"GO:0032506";"GO:0032506";"cytokinetic process";"4/186";"38/16097";0.000937193956192178;0.0109584750449043;0.00970312840358368;"AURKB/KIF20A/CEP55/ANLN";4
"GO:1904029";"GO:1904029";"regulation of cyclin-dependent protein kinase activity";"6/186";"100/16097";0.00106553395280563;0.0123707736222895;0.0109536413065573;"PLK1/PKMYT1/CCNA2/CCNB2/CDC6/CDKN3";6
"GO:0019731";"GO:0019731";"antibacterial humoral response";"4/186";"40/16097";0.00113968051948967;0.0130465525203118;0.0115520064434102;"JCHAIN/IGKV3-20/IGHA1/IGHA2";4
"GO:0030261";"GO:0030261";"chromosome condensation";"4/186";"40/16097";0.00113968051948967;0.0130465525203118;0.0115520064434102;"CDCA5/H1-5/TOP2A/NCAPG";4
"GO:0006270";"GO:0006270";"DNA replication initiation";"4/186";"41/16097";0.00125160470156119;0.0142283117809421;0.0125983894301883;"CDT1/MCM10/CDC6/CDC45";4
"GO:0034501";"GO:0034501";"protein localization to kinetochore";"3/186";"19/16097";0.00128350297646772;0.0144903060170873;0.0128303709516954;"AURKB/CDT1/CDK1";3
"GO:0072401";"GO:0072401";"signal transduction involved in DNA integrity checkpoint";"5/186";"71/16097";0.00137173327795341;0.0152756964354403;0.0135257910758456;"PLK1/DTL/GTSE1/CDK1/E2F1";5
"GO:0072422";"GO:0072422";"signal transduction involved in DNA damage checkpoint";"5/186";"71/16097";0.00137173327795341;0.0152756964354403;0.0135257910758456;"PLK1/DTL/GTSE1/CDK1/E2F1";5
"GO:1902750";"GO:1902750";"negative regulation of cell cycle G2/M phase transition";"6/186";"106/16097";0.00144055961175382;0.0159337573273041;0.0141084678903628;"PLK1/AURKB/DTL/CLSPN/CDC6/CDK1";6
"GO:0001895";"GO:0001895";"retina homeostasis";"5/186";"72/16097";0.00146050033264875;0.0160458996278255;0.014207763744665;"IGKC/JCHAIN/IGHG3/IGHA1/IGHA2";5
"GO:0072395";"GO:0072395";"signal transduction involved in cell cycle checkpoint";"5/186";"74/16097";0.0016506310122588;0.0180138864471177;0.0159503080974061;"PLK1/DTL/GTSE1/CDK1/E2F1";5
"GO:0007063";"GO:0007063";"regulation of sister chromatid cohesion";"3/186";"22/16097";0.00198855145909577;0.0214161759114459;0.0189628487477484;"ESPL1/CDCA5/BUB1";3
"GO:0051383";"GO:0051383";"kinetochore organization";"3/186";"22/16097";0.00198855145909577;0.0214161759114459;0.0189628487477484;"CENPA/DLGAP5/CDT1";3
"GO:0010389";"GO:0010389";"regulation of G2/M transition of mitotic cell cycle";"8/186";"197/16097";0.00208706740197581;0.0221938922186943;0.0196514738675639;"PLK1/TPX2/AURKB/DTL/HMMR/CLSPN/CDC6/CDK1";8
"GO:0007127";"GO:0007127";"meiosis I";"6/186";"114/16097";0.00208787990328584;0.0221938922186943;0.0196514738675639;"PLK1/ESPL1/TOP2A/CCNB2/RAD51/TRIP13";6
"GO:1904666";"GO:1904666";"regulation of ubiquitin protein ligase activity";"3/186";"23/16097";0.00226753022229404;0.0239480449928731;0.0212046799055952;"PLK1/UBE2C/CDC20";3
"GO:0061982";"GO:0061982";"meiosis I cell cycle process";"6/186";"118/16097";0.00248397844378164;0.026065850720965;0.0230798806821006;"PLK1/ESPL1/TOP2A/CCNB2/RAD51/TRIP13";6
"GO:0045787";"GO:0045787";"positive regulation of cell cycle";"11/186";"357/16097";0.00297083020666416;0.0309761085879568;0.0274276446166714;"ESPL1/UBE2C/CDCA5/AURKB/DLGAP5/DTL/CDT1/GTSE1/CDC6/CDK1/E2F1";11
"GO:0051653";"GO:0051653";"spindle localization";"4/186";"52/16097";0.00303201142136745;0.0314139411188513;0.0278153213006194;"PLK1/ESPL1/ASPM/CENPA";4
"GO:0043161";"GO:0043161";"proteasome-mediated ubiquitin-dependent protein catabolic process";"12/186";"416/16097";0.00332630497336282;0.0342462971156914;0.030323217135522;"PLK1/PBK/UBE2C/CDC20/AURKB/UCHL1/BUB1B/DERL3/CDK1/CAV1/IFI27/CLU";12
"GO:0042770";"GO:0042770";"signal transduction in response to DNA damage";"6/186";"127/16097";0.00357942325142177;0.0365837471083333;0.0323929008572646;"FOXM1/PLK1/DTL/GTSE1/CDK1/E2F1";6
"GO:0010458";"GO:0010458";"exit from mitosis";"3/186";"27/16097";0.00362038303698839;0.0365837471083333;0.0323929008572646;"UBE2C/CDCA5/ANLN";3
"GO:0042744";"GO:0042744";"hydrogen peroxide catabolic process";"3/186";"27/16097";0.00362038303698839;0.0365837471083333;0.0323929008572646;"HBM/HBD/HBA1";3
"GO:0071168";"GO:0071168";"protein localization to chromatin";"3/186";"29/16097";0.00444689234612486;0.0446598942981988;0.0395438860872711;"PLK1/CDCA5/H1-5";3
